Handle,Title,Body (HTML),Vendor,Product Category,Type,Tags,Published,Option1 Name,Option1 Value,Option1 Linked To,Option2 Name,Option2 Value,Option2 Linked To,Option3 Name,Option3 Value,Option3 Linked To,Variant SKU,Variant Grams,Variant Inventory Tracker,Variant Inventory Qty,Variant Inventory Policy,Variant Fulfillment Service,Variant Price,Variant Compare At Price,Variant Requires Shipping,Variant Taxable,Unit Price Total Measure,Unit Price Total Measure Unit,Unit Price Base Measure,Unit Price Base Measure Unit,Variant Barcode,Image Src,Image Position,Image Alt Text,Gift Card,SEO Title,SEO Description,Age group (product.metafields.shopify.age-group),Detailed ingredients (product.metafields.shopify.detailed-ingredients),Variant Image,Variant Weight Unit,Variant Tax Code,Cost per item,Status
liposomal-ashwagandha,Liposomal Ashwagandha,"<h3>Liposomal Shoden® Ashwagandha Extract 120 mg Premium Adaptogenic Support for Stress Resilience and Healthy Aging</h3>
<p>LipoAshwagandha+ features 120 mg of Shoden®, a highly standardized, clinically researched Ashwagandha (Withania somnifera) extract, formulated in advanced liposomal delivery for superior absorption and bioavailability. Shoden® is known for its potent stress-reducing, neuroprotective, and anti-inflammatory properties, making it ideal for promoting nervous system balance, healthy cortisol regulation, and overall longevity support.</p>
<h3>Key Benefits:</h3>
<ul>
<li>Shoden® Ashwagandha Extract (120 mg) is clinically validated for cortisol reduction, stress resilience, and cognitive support </li>
<li>Liposomal Delivery Technology  enhances bioavailability, ensuring rapid and efficient cellular uptake</li>
<li>Supports nervous system balance, mood stability, and mental clarity</li>
<li>Promotes immune modulation and reduces inflammation linked to aging processes </li>
<li>Manufactured to strict EU 2006 GMP standards, ensuring pharmaceutical-grade quality and purity</li>
</ul>",My Store,Health & Beauty > Health Care > Fitness & Nutrition > Vitamins & Supplements > Amino Acids,"","",false,Title,Default Title,,,,,,,,A1,0.0,shopify,45,deny,manual,59.00,,true,true,,,,,,https://cdn.shopify.com/s/files/1/0957/1660/6281/files/LiposomalVITAMINCBox.webp?v=1756912883,1,"",false,,,,,,lb,,,draft
liposomal-ashwagandha,,,,,,,,,,,,,,,,,,,,,,,,,,,,,,,,https://cdn.shopify.com/s/files/1/0957/1660/6281/files/LiposomalVITAMINC.webp?v=1756912883,2,"",,,,,,,,,,
liposomal-ashwagandha,,,,,,,,,,,,,,,,,,,,,,,,,,,,,,,,https://cdn.shopify.com/s/files/1/0957/1660/6281/files/Liposomal_VITAMIN_C_Box_Mockup.webp?v=1756984589,3,"",,,,,,,,,,
liposomal-coq10,Liposomal CoQ10,"<p>Our Liposomal CoQ10 provides a high-purity CoQ10 formula encapsulated in non-GMO sunflower phospholipids. Our Liposomal Delivery Technology provides a capsule-friendly, modern, membrane-like phospholipid format for premium CoQ10 supplementation.</p>",My Store,Health & Beauty > Health Care > Fitness & Nutrition > Vitamins & Supplements > Single Vitamins,"","",true,Title,Default Title,,,,,,,,LCo,0.0,shopify,5,deny,manual,110.00,,true,true,,,,,,https://cdn.shopify.com/s/files/1/0957/1660/6281/files/Liposomal_Coq10_8051b385-9f71-47e7-a10a-1e070f88c9b7.webp?v=1767808263,1,"",false,,,,,,lb,,,active
liposomal-coq10,,,,,,,,,,,,,,,,,,,,,,,,,,,,,,,,https://cdn.shopify.com/s/files/1/0957/1660/6281/files/Liposomal_Coq10_Mockup_78909d1b-cded-47fa-9653-5386c14276b2.webp?v=1767808309,2,"",,,,,,,,,,
liposomal-vitamin-c,Liposomal Vitamin C,"<p class=""MsoNormal""><span class=""fontstyle0"">Our Liposomal Vitamin C delivers 400 mg of high-purity Quali-C® Ascorbic Acid encapsulated in non-GMO sunflower phospholipids designed to replicate the phospholipid assemblies and bilayer architecture found in cell membranes. Our Liposomal Delivery Technology provides a capsule-friendly, modern, membrane-like phospholipid format for premium vitamin C supplementation.</span> <br></p>",My Store,Health & Beauty > Health Care > Fitness & Nutrition > Vitamins & Supplements > Amino Acids,"","",true,Title,Default Title,,,,,,,,LV,0.0,shopify,5,deny,manual,110.00,,true,true,,,,,,https://cdn.shopify.com/s/files/1/0957/1660/6281/files/Liposomal_Vitamin_C_79e7b6b8-a381-489b-91eb-3620cb19633b.webp?v=1767808262,1,"",false,,,,,,lb,,,active
liposomal-vitamin-c,,,,,,,,,,,,,,,,,,,,,,,,,,,,,,,,https://cdn.shopify.com/s/files/1/0957/1660/6281/files/Liposomal_Vitamin_C_Mockup_6d850937-6843-4d31-9e3a-617a7dd366b7.webp?v=1767808308,2,"",,,,,,,,,,
liposomal-methylfolate-30caps,Liposomal Methylfolate (30caps),"<ul>
<li class=""MsoListParagraphCxSpFirst"" style=""line-height: 115%;"">L-methylfolate (5-MTHF, Quatrefolic® or Metafolin®) 1 mg (1000 mcg)</li>
</ul>",My Store,Health & Beauty > Health Care > Fitness & Nutrition > Vitamins & Supplements > Amino Acids,"","",false,Title,Default Title,,,,,,,,LMF,0.0,shopify,45,deny,manual,59.00,,true,true,,,,,,https://cdn.shopify.com/s/files/1/0957/1660/6281/files/LiposomalMethylfolate_30caps_Box.webp?v=1752511812,1,"",false,,,,,,lb,,,draft
liposomal-methylfolate-30caps,,,,,,,,,,,,,,,,,,,,,,,,,,,,,,,,https://cdn.shopify.com/s/files/1/0957/1660/6281/files/LiposomalMethylfolate_30caps_Bottle.webp?v=1752511812,2,"",,,,,,,,,,
liposomal-methylfolate-30caps,,,,,,,,,,,,,,,,,,,,,,,,,,,,,,,,https://cdn.shopify.com/s/files/1/0957/1660/6281/files/LiposomalMethylfolate_30caps_BoxMockup.webp?v=1752511812,3,"",,,,,,,,,,
liposomal-nmn-60caps,Liposomal NMN,<p>Our Liposomal NMN provides high-purity Nicotinamide Mononucleotide in a modern liposomal carrier designed for efficient delivery. This formulation is produced to high-quality standards and intended for individuals seeking a premium NMN preparation as part of their personal supplement routine. The liposomal format is crafted to support nutrient stability and ease of use. Individual experiences and responses may vary.</p>,My Store,Health & Beauty > Health Care > Fitness & Nutrition > Vitamins & Supplements > Herbal Supplements,"","",false,Title,Default Title,,,,,,,,LA,0.0,shopify,5,deny,manual,150.00,,true,true,,,,,,https://cdn.shopify.com/s/files/1/0957/1660/6281/files/LIPOSOMAL_NMN_42d40215-76d9-461c-8c6d-e1d6da339517.webp?v=1767808256,1,"",false,,,,,,lb,,,archived
liposomal-nmn-60caps,,,,,,,,,,,,,,,,,,,,,,,,,,,,,,,,https://cdn.shopify.com/s/files/1/0957/1660/6281/files/Liposomal_NMN_Mockup_3f55727f-271f-4bcc-84a5-cd3163e59bc2.webp?v=1767808309,2,"",,,,,,,,,,
immune-shield-c-liposomal-vitamin-c-for-maximum-absorption,Immune Shield C+ – Liposomal Vitamin C for Maximum Absorption,"<p><span lang=""EN"">Experience enhanced immunity and cellular support with Immune Shield C+, a high-strength liposomal Vitamin C formula designed for optimal absorption. This advanced supplement contributes to immune defence, collagen production, and antioxidant protection, essential for skin, joints, bones, and mental wellbeing. Gentle on the stomach and expertly formulated for maximum efficacy. </span></p>
<h2 style=""text-align: justify; line-height: 150%; mso-pagination: widow-orphan; page-break-after: auto; margin: 12.0pt 0in 2.0pt 0in;"">
<a name=""_15du58di096g""></a><span lang=""EN"">Key Features </span>
</h2>
<ul>
<li style=""text-align: justify; line-height: 150%; break-after: auto;""><span lang=""EN"">High-absorption liposomal delivery for superior bioavailability</span></li>
<li style=""text-align: justify; line-height: 150%; break-after: auto;"">Supports immunity and improves physical health</li>
<li style=""text-align: justify; line-height: 150%; break-after: auto;"">Promotes collagen formation for skin, bones, joints, and blood vessels</li>
<li style=""text-align: justify; line-height: 150%; break-after: auto;"">Helps reduce oxidative stress at the cellular level</li>
<li style=""text-align: justify; line-height: 150%; break-after: auto;"">Aids iron absorption and supports psychological and nervous system function</li>
<li style=""text-align: justify; line-height: 150%; break-after: auto;"">Suitable for vegetarians and made to UK quality standards</li>
</ul>
<h2 style=""text-align: justify; line-height: 150%;"">
<a name=""_kkobtfcjc440""></a><span lang=""EN"">Ingredients/Formulation</span>
</h2>
<p>Vitamin C (as Ascorbic Acid), Sunflower Lecithin, Medium Chain Triglycerides, Capsule (Hydroxypropyl Methylcellulose), Beeswax, Paprika Extract, Sunflower Oil.</p>",My Store,Health & Beauty > Health Care > Fitness & Nutrition > Vitamins & Supplements > Single Vitamins,"","",false,Title,Default Title,,,,,,,,ISC,0.0,shopify,50,deny,manual,150.00,,true,true,,,,,"",https://cdn.shopify.com/s/files/1/0957/1660/6281/files/ImmuneShieldC_Box.webp?v=1752564085,1,"",false,,,,,,lb,,,draft
immune-shield-c-liposomal-vitamin-c-for-maximum-absorption,,,,,,,,,,,,,,,,,,,,,,,,,,,,,,,,https://cdn.shopify.com/s/files/1/0957/1660/6281/files/ImmuneShieldC_Botlle.webp?v=1752564085,2,"",,,,,,,,,,
immune-shield-c-liposomal-vitamin-c-for-maximum-absorption,,,,,,,,,,,,,,,,,,,,,,,,,,,,,,,,https://cdn.shopify.com/s/files/1/0957/1660/6281/files/ImmuneShieldC_BoxMockup.webp?v=1752564085,3,"",,,,,,,,,,
bone-immune-d3-k2-duo-high-absorption-vitamin-d3-and-k2-complex,Bone & Immune D3 & K2 Duo – High-Absorption Vitamin D3 and K2 Complex,"<p class=""MsoNormal"" style=""text-align: justify; line-height: 150%; margin: 12.0pt 0in 12.0pt 0in;""><span lang=""EN"">Bone &amp; Immune D3 &amp; K2 Duo combines two essential fat-soluble vitamins D3 and K2 to support skeletal strength, immune defence, and cardiovascular health. This synergistic formula promotes calcium absorption and directs it to where it’s needed most: your bones. A smart choice for maintaining mobility, resilience, and wellness as you age.</span></p>
<h2 style=""text-align: justify; line-height: 150%; mso-pagination: widow-orphan; page-break-after: auto; margin: 12.0pt 0in 2.0pt 0in;"">
<a name=""_9qq9oli1hzpm""></a><span lang=""EN"">Key Features</span>
</h2>
<ul>
<li style=""text-align: justify; line-height: 150%; break-after: auto;""><span lang=""EN"">High-potency Vitamin D3 (Cholecalciferol) 1000IU per serving provides optimal daily usage to support overall health and well-being</span></li>
<li style=""text-align: justify; line-height: 150%; break-after: auto;"">Vitamin K2 (MK-7) for healthy calcium regulation</li>
<li style=""text-align: justify; line-height: 150%; break-after: auto;"">Contributes to normal muscle function and immune response</li>
<li style=""text-align: justify; line-height: 150%; break-after: auto;"">Supports bone mineral density and cardiovascular health</li>
<li style=""text-align: justify; line-height: 150%; break-after: auto;"">Helps reduce risk of calcium build-up in arteries</li>
<li style=""text-align: justify; line-height: 150%; break-after: auto;"">Ideal for use during low sunlight months in the UK</li>
</ul>",My Store,Health & Beauty > Health Care > Fitness & Nutrition > Vitamins & Supplements > Single Vitamins,"","",false,Title,Default Title,,,,,,,,BI,0.0,shopify,50,deny,manual,79.00,,true,true,,,,,,https://cdn.shopify.com/s/files/1/0957/1660/6281/files/Bone_ImmuneD3_K2DuoBox.webp?v=1752564787,1,"",false,,,,,,lb,,,draft
bone-immune-d3-k2-duo-high-absorption-vitamin-d3-and-k2-complex,,,,,,,,,,,,,,,,,,,,,,,,,,,,,,,,https://cdn.shopify.com/s/files/1/0957/1660/6281/files/Bone_ImmuneD3_K2DuoBottle.webp?v=1752564787,2,"",,,,,,,,,,
bone-immune-d3-k2-duo-high-absorption-vitamin-d3-and-k2-complex,,,,,,,,,,,,,,,,,,,,,,,,,,,,,,,,https://cdn.shopify.com/s/files/1/0957/1660/6281/files/Bone_ImmuneD3_K2DuoBoxMouckup.webp?v=1752564787,3,"",,,,,,,,,,
energy-boost-b-complex-liposomal-methylated-b-vitamins-for-energy-focus,Energy Boost B-Complex – Liposomal Methylated B Vitamins for Energy & Focus,"<p style=""text-align: justify; line-height: 150%; margin: 12.0pt 0in 12.0pt 0in;"" class=""MsoNormal""><span lang=""EN"">Energy Boost B-Complex delivers a high-absorption blend of methylated B vitamins using advanced liposomal technology for optimal bioavailability. This essential formula helps reduce tiredness and fatigue, supports mental performance, and contributes to nervous system health, ideal for maintaining energy, focus, and resilience in demanding lifestyles.</span></p>
<h2 style=""text-align: justify; line-height: 150%; mso-pagination: widow-orphan; page-break-after: auto; margin: 12.0pt 0in 2.0pt 0in;"">
<a name=""_ce1y5xc6cqup""></a><span lang=""EN"">Key Features</span>
</h2>
<ul>
<li style=""text-align: justify; line-height: 150%; break-after: auto;""><span lang=""EN"">Includes methylated B vitamins (B6, B9, B12) for superior absorption</span></li>
<li style=""text-align: justify; line-height: 150%; break-after: auto;"">Liposomal delivery system enhances cellular uptake and effectiveness</li>
<li style=""text-align: justify; line-height: 150%; break-after: auto;"">Supports energy metabolism and healthy immune system</li>
<li style=""text-align: justify; line-height: 150%; break-after: auto;"">Help manage chronic fatigue</li>
<li style=""text-align: justify; line-height: 150%; break-after: auto;"">Promotes healthy brain and nervous system function</li>
<li style=""text-align: justify; line-height: 150%; break-after: auto;"">Contributes to psychological balance and mental clarity</li>
<li style=""text-align: justify; line-height: 150%; break-after: auto;"">Ideal for stress management and busy, modern routines</li>
</ul>
<h2 style=""text-align: justify; line-height: 150%; mso-pagination: widow-orphan; page-break-after: auto; margin: 12.0pt 0in 2.0pt 0in;"">
<a name=""_y8btpwkd0kbf""></a><span lang=""EN"">Ingredients</span>
</h2>
<p><span lang=""EN"">Thiamin, Milk Thistle, Niacin, Vitamin B6, Folate, Vitamin B12, Biotin, Pantothenic acid.</span></p>",My Store,Health & Beauty > Health Care > Fitness & Nutrition > Vitamins & Supplements > Single Vitamins,"","",false,Title,Default Title,,,,,,,,EB,0.0,shopify,50,deny,manual,49.00,,true,true,,,,,,https://cdn.shopify.com/s/files/1/0957/1660/6281/files/Energy_Boost_B-Complex_Box.webp?v=1752569294,1,"",false,,,,,,lb,,,draft
energy-boost-b-complex-liposomal-methylated-b-vitamins-for-energy-focus,,,,,,,,,,,,,,,,,,,,,,,,,,,,,,,,https://cdn.shopify.com/s/files/1/0957/1660/6281/files/EnergyBoostB-ComplexBottle.webp?v=1752569294,2,"",,,,,,,,,,
energy-boost-b-complex-liposomal-methylated-b-vitamins-for-energy-focus,,,,,,,,,,,,,,,,,,,,,,,,,,,,,,,,https://cdn.shopify.com/s/files/1/0957/1660/6281/files/Energy_Boost_B-Complex_Box_Mouckup.webp?v=1752569275,3,"",,,,,,,,,,
neurofolate-boost-activated-folate-for-mood-energy-cellular-health,"Neurofolate Boost – Activated Folate for Mood, Energy & Cellular Health","<p style=""text-align: justify; line-height: 150%; margin: 12.0pt 0in 12.0pt 0in;"" class=""MsoNormal""><span lang=""EN"">NeuroFolate Boost is a highly absorbable form of folate that supports energy production, emotional balance, and cellular protection. This essential B-vitamin contributes to normal homocysteine metabolism and psychological function, while also helping reduce tiredness and fatigue. A vital nutrient for cognitive health, heart function, and overall well-being.</span></p>
<h2 style=""text-align: justify; line-height: 150%; mso-pagination: widow-orphan; page-break-after: auto; margin: 12.0pt 0in 2.0pt 0in;"">
<a name=""_smgknnz6abm8""></a><span lang=""EN"">Key Features</span>
</h2>
<ul>
<li style=""text-align: justify; line-height: 150%; break-after: auto;""><span lang=""EN"">Contains bioavailable folate (not synthetic folic acid</span></li>
<li style=""text-align: justify; line-height: 150%; break-after: auto;"">Supports homocysteine regulation for cardiovascular health</li>
<li style=""text-align: justify; line-height: 150%; break-after: auto;"">Contributes to normal psychological function and emotional balance</li>
<li style=""text-align: justify; line-height: 150%; break-after: auto;"">Support collagen synthesis and promote cell turnover for glowing, healthy skin</li>
<li style=""text-align: justify; line-height: 150%; break-after: auto;"">Helps reduce fatigue and tiredness</li>
<li style=""text-align: justify; line-height: 150%; break-after: auto;"">Ideal for prenatal support and daily energy needs</li>
</ul>
<p class=""MsoNormal"" style=""text-align: justify; line-height: 150%; margin: 12.0pt 0in 12.0pt 0in;"">Suitable for vegetarians and made to UK standards</p>",My Store,Health & Beauty > Health Care > Fitness & Nutrition > Vitamins & Supplements > Single Vitamins,"","",false,Title,Default Title,,,,,,,,NB,0.0,shopify,50,deny,manual,49.00,,true,true,,,,,,https://cdn.shopify.com/s/files/1/0957/1660/6281/files/NeurofolateBoostBox.webp?v=1752565502,1,"",false,,,,,,lb,,,draft
neurofolate-boost-activated-folate-for-mood-energy-cellular-health,,,,,,,,,,,,,,,,,,,,,,,,,,,,,,,,https://cdn.shopify.com/s/files/1/0957/1660/6281/files/NeurofolateBoostBottle.webp?v=1752565502,2,"",,,,,,,,,,
neurofolate-boost-activated-folate-for-mood-energy-cellular-health,,,,,,,,,,,,,,,,,,,,,,,,,,,,,,,,https://cdn.shopify.com/s/files/1/0957/1660/6281/files/NeurofolateBoostBoxMouckup.webp?v=1752565502,3,"",,,,,,,,,,
neurocore-magnesium-gentle-magnesium-glycinate-for-energy-muscles-and-mind,"NeuroCore Magnesium – Gentle Magnesium Glycinate for Energy, Muscles and Mind","<p class=""MsoNormal"" style=""text-align: justify; line-height: 150%; margin: 12.0pt 0in 12.0pt 0in;""><span lang=""EN"">NeuroCore Magnesium offers a highly absorbable form of magnesium designed to support your nervous system, ease muscle tension, and reduce daily fatigue. This gentle glycinate formula is well-tolerated by the digestive system and contributes to electrolyte balance, energy metabolism, and mental calm — ideal for restoring balance in high-stress routines.</span></p>
<h2 style=""margin-top: 14.0pt; text-align: justify; line-height: 150%; mso-pagination: widow-orphan; page-break-after: auto;"">
<a name=""_jqivsl6gl3g8""></a><span lang=""EN"">What Is Magnesium Glycinate?</span>
</h2>
<p class=""MsoNormal"" style=""text-align: justify; line-height: 150%; margin: 12.0pt 0in 12.0pt 0in;""><span lang=""EN"">Magnesium Glycinate is a well-tolerated and highly absorbable form of magnesium, bound with the amino acid glycine to support optimal delivery. This chelated pairing enhances bioavailability, allowing magnesium to pass smoothly through the digestive tract and into the bloodstream, without the common laxative effects associated with other forms like magnesium oxide or citrate. Its gentle nature makes it a preferred choice for individuals with sensitive digestion, fatigue, or stress-related muscle tension.</span></p>
<h2 style=""text-align: justify; line-height: 150%; mso-pagination: widow-orphan; page-break-after: auto; margin: 12.0pt 0in 2.0pt 0in;"">
<a name=""_9yfguc9nqa3q""></a><span lang=""EN"">Key Features</span>
</h2>
<ul>
<li style=""text-align: justify; line-height: 150%; break-after: auto;"">
<!-- [if !supportLists]--><span lang=""EN"">Bioavailable magnesium glycinate for superior absorption</span>
</li>
<li style=""text-align: justify; line-height: 150%; break-after: auto;"">Supports healthy nervous system function and psychological balance</li>
<li style=""text-align: justify; line-height: 150%; break-after: auto;"">Reduces anxiety, fatigue, and stress-related exhaustion</li>
<li style=""text-align: justify; line-height: 150%; break-after: auto;"">Ease muscle spasms and aches</li>
<li style=""text-align: justify; line-height: 150%; break-after: auto;"">Control blood sugar and electrolyte levels</li>
<li style=""text-align: justify; line-height: 150%; break-after: auto;"">Non-laxative and gentle on the stomach</li>
</ul>",My Store,Health & Beauty > Health Care > Fitness & Nutrition > Vitamins & Supplements > Single Vitamins,"","",false,Title,Default Title,,,,,,,,NC,0.0,shopify,50,deny,manual,129.00,,true,true,,,,,,https://cdn.shopify.com/s/files/1/0957/1660/6281/files/NeuroCoreMagnesiumBox.webp?v=1752566136,1,"",false,,,,,,lb,,,draft
neurocore-magnesium-gentle-magnesium-glycinate-for-energy-muscles-and-mind,,,,,,,,,,,,,,,,,,,,,,,,,,,,,,,,https://cdn.shopify.com/s/files/1/0957/1660/6281/files/NeuroCoreMagnesiumBottle.webp?v=1752566136,2,"",,,,,,,,,,
neurocore-magnesium-gentle-magnesium-glycinate-for-energy-muscles-and-mind,,,,,,,,,,,,,,,,,,,,,,,,,,,,,,,,https://cdn.shopify.com/s/files/1/0957/1660/6281/files/NeuroCoreMagnesiumBoxMouckup.webp?v=1752566136,3,"",,,,,,,,,,
iron-lift-c-gentle-iron-bisglycinate-with-vitamin-c-for-energy-and-vitality,Iron Lift+ C – Gentle Iron Bisglycinate with Vitamin C for Energy and Vitality,"<p class=""MsoNormal"" style=""text-align: justify; line-height: 150%; margin: 12.0pt 0in 12.0pt 0in;""><span lang=""EN"">Iron Lift+ C combines a highly absorbable form of iron with vitamin C to support red blood cell formation, oxygen transport, and energy production. Designed to be gentle on the stomach, this formula is ideal for restoring vitality, improving iron levels, and reducing fatigue without the common side effects of traditional iron supplements.</span></p>
<h2 style=""text-align: justify; line-height: 150%; mso-pagination: widow-orphan; page-break-after: auto; margin: 12.0pt 0in 2.0pt 0in;"">
<a name=""_tbp1r14fxkuu""></a><span lang=""EN"">Key Features</span>
</h2>
<ul>
<li style=""text-align: justify; line-height: 150%; break-after: auto;"">
<!-- [if !supportLists]--><span lang=""EN"">Contains iron bisglycinate for high absorption and low gastrointestinal irritation</span>
</li>
<li style=""text-align: justify; line-height: 150%; break-after: auto;"">Enriched with vitamin C to enhance iron uptake and effectiveness</li>
<li style=""text-align: justify; line-height: 150%; break-after: auto;"">Supports normal formation of haemoglobin and red blood cells</li>
<li style=""text-align: justify; line-height: 150%; break-after: auto;"">Contributes to reduced tiredness and improved energy levels</li>
<li style=""text-align: justify; line-height: 150%; break-after: auto;"">Promotes oxygen transport for cellular and muscular performance</li>
<li style=""text-align: justify; line-height: 150%; break-after: auto;"">Suitable for regular use without causing constipation</li>
</ul>",My Store,Health & Beauty > Health Care > Fitness & Nutrition > Vitamins & Supplements > Single Vitamins,"","",false,Title,Default Title,,,,,,,,IL,0.0,shopify,50,deny,manual,39.00,,true,true,,,,,,https://cdn.shopify.com/s/files/1/0957/1660/6281/files/IronLift_CBox.webp?v=1752567404,1,"",false,,,,,,lb,,,draft
iron-lift-c-gentle-iron-bisglycinate-with-vitamin-c-for-energy-and-vitality,,,,,,,,,,,,,,,,,,,,,,,,,,,,,,,,https://cdn.shopify.com/s/files/1/0957/1660/6281/files/IronLift_CBottle.webp?v=1752567404,2,"",,,,,,,,,,
iron-lift-c-gentle-iron-bisglycinate-with-vitamin-c-for-energy-and-vitality,,,,,,,,,,,,,,,,,,,,,,,,,,,,,,,,https://cdn.shopify.com/s/files/1/0957/1660/6281/files/IronLift_CBoxMouckup.webp?v=1752567398,3,"",,,,,,,,,,
omega-pure-3-high-strength-omega-3-oil-for-heart-brain-and-vision-support,"Omega Pure 3 – High-Strength Omega-3 Oil for Heart, Brain and Vision Support","<p style=""text-align: justify; line-height: 150%; margin: 12.0pt 0in 12.0pt 0in;"" class=""MsoNormal""><span lang=""EN"">Omega Pure 3 delivers a pure and potent source of omega-3 fatty acids, rich in EPA and DHA to support heart function, brain health, and visual performance. Sustainably sourced and molecularly distilled, this daily supplement promotes long-term cardiovascular wellness and cognitive clarity with every dose.</span></p>
<h2 style=""margin-top: 14.0pt; text-align: justify; line-height: 150%; mso-pagination: widow-orphan; page-break-after: auto;"">
<a name=""_p3d3w114nxk2""></a><span lang=""EN"">Omega-3 Deficiency: A Common Gap in UK Diets</span>
</h2>
<p style=""text-align: justify; line-height: 150%; margin: 12.0pt 0in 12.0pt 0in;"" class=""MsoNormal"">Despite widespread awareness of omega-3’s importance, only about one in three people in the UK consume the recommended two portions of oily fish each week. This dietary gap means many may be missing out on the heart, brain, and vision benefits that omega-3 fatty acids provide.</p>
<p style=""text-align: justify; line-height: 150%; margin: 12.0pt 0in 12.0pt 0in;"" class=""MsoNormal""><span lang=""EN"">Omega Pure 3 offers a simple, effective way to bridge that gap. Each capsule delivers high-purity EPA and DHA the key omega-3s your body needs with added vitamin E to preserve oil freshness. Unlike traditional fish oils, Omega Pure 3 uses a refined capsule shell with a clean finish, helping reduce any unwanted aftertaste or reflux.</span></p>
<h2 style=""text-align: justify; line-height: 150%; mso-pagination: widow-orphan; page-break-after: auto; margin: 12.0pt 0in 2.0pt 0in;"">
<a name=""_xiba7kb01prp""></a><span lang=""EN"">Key Features</span>
</h2>
<ul>
<li style=""text-align: justify; line-height: 150%; break-after: auto;""><span lang=""EN"">High-potency omega-3 with essential EPA and DH</span></li>
<li>Regulates glucose metabolism</li>
<li style=""text-align: justify; line-height: 150%; break-after: auto;""><span lang=""EN"">Improves cognitive function </span></li>
<li style=""text-align: justify; line-height: 150%; break-after: auto;"">
<span lang=""EN"">Helps preserve healthy vision over time </span><br>
</li>
<li style=""text-align: justify; line-height: 150%; break-after: auto;"">Regulates intestinal flora</li>
<li style=""text-align: justify; line-height: 150%; break-after: auto;"">Free from heavy metals and contaminants</li>
</ul>",My Store,Health & Beauty > Health Care > Fitness & Nutrition > Vitamins & Supplements > Amino Acids,"","",false,Title,Default Title,,,,,,,,OP3,0.0,shopify,45,deny,manual,59.00,,true,true,,,,,"",https://cdn.shopify.com/s/files/1/0957/1660/6281/files/Omega_Pure_3_Box.webp?v=1752567820,1,"",false,,,,,,lb,,,draft
omega-pure-3-high-strength-omega-3-oil-for-heart-brain-and-vision-support,,,,,,,,,,,,,,,,,,,,,,,,,,,,,,,,https://cdn.shopify.com/s/files/1/0957/1660/6281/files/OmegaPure3Bottle.webp?v=1752567820,2,"",,,,,,,,,,
omega-pure-3-high-strength-omega-3-oil-for-heart-brain-and-vision-support,,,,,,,,,,,,,,,,,,,,,,,,,,,,,,,,https://cdn.shopify.com/s/files/1/0957/1660/6281/files/Omega_Pure_3_Box_Mouckup.webp?v=1752567820,3,"",,,,,,,,,,
ashwagandha-ayurvedic-adaptogen-for-stress-mood-sleep-clarity,"Ashwagandha – Ayurvedic Adaptogen for Stress, Mood, Sleep & Clarity","<p style=""text-align: justify; line-height: 150%; margin: 12.0pt 0in 12.0pt 0in;"" class=""MsoNormal"">Ashwagandha is one of the most renowned botanicals in Ayurvedic medicine, classified as an adaptogen. It helps the body resist the physical and mental effects of stress. Moreover, it supports emotional resilience, enhances mood stability, promotes restful sleep, and help improve concentration and mental clarity with daily use.</p>
<h2 style=""text-align: justify; line-height: 150%; mso-pagination: widow-orphan; page-break-after: auto; margin: 12.0pt 0in 2.0pt 0in;"">
<a name=""_prg4ofnjlvbf""></a><span lang=""EN"">Key Features</span>
</h2>
<ul>
<li style=""text-align: justify; line-height: 150%; break-after: auto;"">Uses premium root extract, often delivering 500–600 mg of ashwagandha per serving</li>
<li style=""text-align: justify; line-height: 150%; break-after: auto;"">Supports stress resilience, mood balance, and relaxation</li>
<li style=""text-align: justify; line-height: 150%; break-after: auto;"">May improve sleep quality and reduce nighttime restlessness</li>
<li style=""text-align: justify; line-height: 150%; break-after: auto;"">Supports mental clarity, cognitive function, and focus</li>
<li style=""text-align: justify; line-height: 150%; break-after: auto;"">Suitable for vegetarians and free from common allergens like gluten, dairy, soy, and added sugars</li>
</ul>
<h2 style=""text-align: justify; line-height: 150%; mso-pagination: widow-orphan; page-break-after: auto; margin: 12.0pt 0in 2.0pt 0in;"">
<a name=""_qmp8t1p73mot""></a><span lang=""EN"">Ingredients</span>
</h2>
<ul>
<li style=""text-align: justify; line-height: 150%; break-after: auto;""><span lang=""EN"">Organic Ashwagandha root extract, providing high levels of withanolides typically 5%–7%</span></li>
<li style=""text-align: justify; line-height: 150%; break-after: auto;"">Vitamin B6 (optional) to support mood and help reduce tiredness and fatigue, depending on formula</li>
<li style=""text-align: justify; line-height: 150%; break-after: auto;"">Capsule shell made from plant-based materials, free from artificial colours, fillers, and preservatives</li>
</ul>",My Store,Health & Beauty > Health Care > Fitness & Nutrition > Vitamins & Supplements > Herbal Supplements,"","",false,Title,Default Title,,,,,,,,AS,0.0,shopify,5,deny,manual,30.00,,true,true,,,,,"",https://cdn.shopify.com/s/files/1/0957/1660/6281/files/AshwagandaBox.webp?v=1752563649,1,"",false,,,,,,lb,,,draft
ashwagandha-ayurvedic-adaptogen-for-stress-mood-sleep-clarity,,,,,,,,,,,,,,,,,,,,,,,,,,,,,,,,https://cdn.shopify.com/s/files/1/0957/1660/6281/files/AshwagandaBottle_e41b643d-a871-445c-ba0c-8e687f43836b.webp?v=1752563649,2,"",,,,,,,,,,
ashwagandha-ayurvedic-adaptogen-for-stress-mood-sleep-clarity,,,,,,,,,,,,,,,,,,,,,,,,,,,,,,,,https://cdn.shopify.com/s/files/1/0957/1660/6281/files/AshwagandaBoxMouckup.webp?v=1752563649,3,"",,,,,,,,,,
vital-synergy-d3-k2-complex™-advanced-liposomal-d3-k2-formula-for-bone-strength-cardiovascular-balance-longevity-support,"Vital Synergy D3 + K2 Complex™ Advanced Liposomal D3-K2 Formula for Bone Strength, Cardiovascular Balance & Longevity Support","<p class=""MsoNormal""><span lang=""EN-GB"" style=""font-size: 12.0pt; line-height: 107%;"">Vital Synergy D3 + K2 Complex™ is a next generation liposomal supplement designed to support bone mineral density, calcium regulation, and vascular integrity all fundamental to healthy aging. Formulated for discerning individuals who priorities precision nutrition and optimal outcomes, this high potency blend features 2,000 IU of vitamin D3 (cholecalciferol) and 200 mcg of vitamin K2 (menaquinone-7), encapsulated in liposomal phospholipids for enhanced absorption.</span></p>
<p class=""MsoNormal""><span lang=""EN-GB"" style=""font-size: 12.0pt; line-height: 107%;"">This advanced delivery system increases bioavailability by protecting fat soluble nutrients from digestive degradation, allowing for more efficient cellular uptake especially important for individuals with compromised fat absorption or high performance health optimisation needs.</span></p>",My Store,Health & Beauty > Health Care > Fitness & Nutrition > Vitamins & Supplements > Single Vitamins,"","",false,Title,Default Title,,,,,,,,VS3,0.0,shopify,50,deny,manual,79.00,,true,true,,,,,,https://cdn.shopify.com/s/files/1/0957/1660/6281/files/VitalSynergyD3_K2Complex_Box.webp?v=1752569095,1,"",false,,,,,,lb,,,draft
vital-synergy-d3-k2-complex™-advanced-liposomal-d3-k2-formula-for-bone-strength-cardiovascular-balance-longevity-support,,,,,,,,,,,,,,,,,,,,,,,,,,,,,,,,https://cdn.shopify.com/s/files/1/0957/1660/6281/files/VitalSynergyD3_K2Complex_Bottle.webp?v=1752569095,2,"",,,,,,,,,,
vital-synergy-d3-k2-complex™-advanced-liposomal-d3-k2-formula-for-bone-strength-cardiovascular-balance-longevity-support,,,,,,,,,,,,,,,,,,,,,,,,,,,,,,,,https://cdn.shopify.com/s/files/1/0957/1660/6281/files/VitalSynergyD3_K2Complex_BoxMouckup.webp?v=1752569095,3,"",,,,,,,,,,
liposomal-methylfolate-liquid,Liposomal Methylfolate Liquid,"<p><span class=""fontstyle0"">Our Liposomal Methylfolate is a premium supplement providing 5-Methyltetrahydrofolate (5-MTHF), a readily usable form of folate, encapsulated in non-GMO sunflower phospholipids designed to replicate the phospholipid assemblies and bilayer architecture found in cell membranes.</span> <br></p>",My Store,Health & Beauty > Health Care > Fitness & Nutrition > Vitamins & Supplements > Single Vitamins,"","",true,Title,Default Title,,,,,,,,NF1,0.0,shopify,5,deny,manual,110.00,,true,true,,,,,,https://cdn.shopify.com/s/files/1/0957/1660/6281/files/Liposomal_Methylfolate_Liquid_5edf199c-ee8a-4d17-a2de-04bf9e7e1884.webp?v=1767808283,1,"",false,,,,,,lb,,,active
liposomal-methylfolate-liquid,,,,,,,,,,,,,,,,,,,,,,,,,,,,,,,,https://cdn.shopify.com/s/files/1/0957/1660/6281/files/Liposomal_Methylfolate_Liquid_Mockup_18542d40-54de-4ad1-8d6a-16484fa2c4e0.webp?v=1767808300,2,"",,,,,,,,,,
liposomal-b-complex,Liposomal B Complex,"<p class=""MsoNormal"">Our Liposomal Vitamin B Complex provides all eight essential B vitamins, plus two nonessential B vitamins encapsulated in non-GMO sunflower phospholipids designed to replicate the phospholipid assemblies and bilayer architecture found in cell membranes. Our Liposomal Delivery Technology provides a capsule-friendly, modern, membrane-like phospholipid format for premium B-complex vitamin supplementation.</p>",My Store,Health & Beauty > Health Care > Fitness & Nutrition > Vitamins & Supplements > Single Vitamins,"","",true,Title,Default Title,,,,,,,,NB1,0.0,shopify,5,deny,manual,110.00,,true,true,,,,,,https://cdn.shopify.com/s/files/1/0957/1660/6281/files/LIPOSOMAL_B_COMPLEX_c422a6b7-9e6d-4981-b11d-6eccc19c828d.webp?v=1767808255,1,"",false,LIPOSOMAL B COMPLEX,,,,,lb,,,active
liposomal-b-complex,,,,,,,,,,,,,,,,,,,,,,,,,,,,,,,,https://cdn.shopify.com/s/files/1/0957/1660/6281/files/Liposomal_B_Complex_Mockup_f8810418-04c1-4451-b44d-db019c83cd18.webp?v=1767811395,2,"",,,,,,,,,,
immune-shield-c-the-pinnacle-of-liposomal-vitamin-c-innovation,Immune Shield C+ The Pinnacle of Liposomal Vitamin C Innovation,"<p>Discover Immune Shield C+, the elite liposomal vitamin C formula engineered for unparalleled absorption and immune system support. Meticulously crafted using cutting edge liposomal encapsulation technology, this supplement represents the gold standard in vitamin C delivery trusted by leading healthcare professionals and nutritional scientists alike.</p>
<p>Each capsule delivers a potent 500mg of pharmaceutical-grade vitamin C, encapsulated in high-purity sunflower lecithin liposomes to ensure superior bioavailability and gentle digestion. This sophisticated technology protects vitamin C molecules, enhancing cellular uptake and maximizing efficacy setting a new benchmark in nutritional supplementation.</p>",My Store,Health & Beauty > Health Care > Fitness & Nutrition > Vitamins & Supplements > Single Vitamins,"","",false,Title,Default Title,,,,,,,,IS,0.0,shopify,50,deny,manual,99.00,,true,true,,,,,"",https://cdn.shopify.com/s/files/1/0957/1660/6281/files/ImmuneShieldC_ThePinnacleBox.webp?v=1752564336,1,"",false,,,,,,lb,,,draft
immune-shield-c-the-pinnacle-of-liposomal-vitamin-c-innovation,,,,,,,,,,,,,,,,,,,,,,,,,,,,,,,,https://cdn.shopify.com/s/files/1/0957/1660/6281/files/ImmuneShieldC_ThePinnacleBotlle.webp?v=1752564336,2,"",,,,,,,,,,
immune-shield-c-the-pinnacle-of-liposomal-vitamin-c-innovation,,,,,,,,,,,,,,,,,,,,,,,,,,,,,,,,https://cdn.shopify.com/s/files/1/0957/1660/6281/files/ImmuneShieldC_ThePinnacleBoxMockup.webp?v=1752564336,3,"",,,,,,,,,,
hydra-balance-electrolytes-daily-electrolyte-trace-mineral-support,Hydra Balance Electrolytes – Daily Electrolyte & Trace Mineral Support,"<p style=""text-align: justify; line-height: 150%; mso-pagination: widow-orphan; page-break-after: auto; margin: 12.0pt 0in 2.0pt 0in;"">HydraBalance Electrolytes delivers a comprehensive blend of essential electrolytes and trace minerals to support optimal hydration, fluid balance, and muscular performance. Whether you’re recovering from activity, dealing with heat, or simply supporting day-to-day energy, this formula helps your body stay balanced and replenished throughout the day.</p>
<h2 style=""text-align: justify; line-height: 150%; mso-pagination: widow-orphan; page-break-after: auto; margin: 12.0pt 0in 2.0pt 0in;"">
<a name=""_89klxpl6y25k""></a><span lang=""EN"">Key Features</span>
</h2>
<ul>
<li>Includes key electrolytes: sodium, potassium, calcium, and magnesium</li>
<li>Supports hydration and normal fluid balance</li>
<li style=""text-align: justify; line-height: 150%; break-after: auto;"">Contributes to muscle contraction and nerve signal transmission</li>
<li style=""text-align: justify; line-height: 150%; break-after: auto;"">May help reduce fatigue during physical activity or heat exposure</li>
<li style=""text-align: justify; line-height: 150%; break-after: auto;"">Contains trace minerals to support cellular function</li>
<li style=""text-align: justify; line-height: 150%; break-after: auto;"">Ideal for athletes, active individuals, and everyday wellness</li>
</ul>",My Store,Health & Beauty > Health Care > Fitness & Nutrition > Vitamins & Supplements > Minerals,"","",false,Title,Default Title,,,,,,,,HB,0.0,shopify,50,deny,manual,49.00,,true,true,,,,,"",https://cdn.shopify.com/s/files/1/0957/1660/6281/files/HydraBalanceElectrolytesBox.webp?v=1752568763,1,"",false,,,adults,sodium; potassium; calcium; magnesium; trace-minerals,,lb,,,draft
hydra-balance-electrolytes-daily-electrolyte-trace-mineral-support,,,,,,,,,,,,,,,,,,,,,,,,,,,,,,,,https://cdn.shopify.com/s/files/1/0957/1660/6281/files/HydraBalanceElectrolytesBottle.webp?v=1752568763,2,"",,,,,,,,,,
hydra-balance-electrolytes-daily-electrolyte-trace-mineral-support,,,,,,,,,,,,,,,,,,,,,,,,,,,,,,,,https://cdn.shopify.com/s/files/1/0957/1660/6281/files/HydraBalanceElectrolytesBoxMouckup.webp?v=1752568760,3,"",,,,,,,,,,
liposomal-vitamin-c-60caps,Liposomal Vitamin C (60caps),"<ul>
<li class=""MsoNormal"" style=""line-height: 115%;""><span lang=""EN-GB"">Vitamin C<span style=""mso-tab-count: 2;"">                          </span>500mg</span></li>
</ul>",My Store,Health & Beauty > Health Care > Fitness & Nutrition > Vitamins & Supplements > Herbal Supplements,"","",false,Title,Default Title,,,,,,,,AA,0.0,shopify,5,deny,manual,30.00,,true,true,,,,,"",https://cdn.shopify.com/s/files/1/0957/1660/6281/files/LiposomalVitaminC_60caps_BoxMockup_91985f93-7ed0-4b5f-b284-eff0e6b7ff99.webp?v=1752499458,1,"",false,,,,,,lb,,,draft
liposomal-vitamin-c-60caps,,,,,,,,,,,,,,,,,,,,,,,,,,,,,,,,https://cdn.shopify.com/s/files/1/0957/1660/6281/files/LiposomalVitaminC_60caps.webp?v=1752499471,2,"",,,,,,,,,,
liposomal-vitamin-c-60caps,,,,,,,,,,,,,,,,,,,,,,,,,,,,,,,,https://cdn.shopify.com/s/files/1/0957/1660/6281/files/LiposomalVitaminC_60caps_Mockup_24b7e0a3-2c18-494b-a8c3-1ceca1f10f2c.webp?v=1752499471,3,"",,,,,,,,,,
curcuvital-ultra-high-strength-curcumin-for-inflammation-joint-comfort-and-cognitive-health,"CurcuVital Ultra - High-Strength Curcumin for Inflammation, Joint Comfort and Cognitive Health","<p style=""text-align: justify; line-height: 150%; margin: 12.0pt 0in 12.0pt 0in;"" class=""MsoNormal""><span lang=""EN"">CurcuVital Ultra delivers a potent, highly absorbable form of curcumin the active compound found in turmeric, known for its powerful anti-inflammatory and antioxidant properties. Used traditionally in Eastern medicine and now recognised in modern science, curcumin may help ease joint stiffness, support brain health, improve digestion, and protect against oxidative stress, making it a brilliant daily addition for full-body wellness.</span></p>
<h2 style=""text-align: justify; line-height: 150%; margin: 12.0pt 0in 12.0pt 0in;"">
<a name=""_8w6l52tyuwly""></a><span lang=""EN"">Ingredients</span>
</h2>
<p style=""text-align: justify; line-height: 150%; margin: 12.0pt 0in 12.0pt 0in;"" class=""MsoNormal"">Curcuma longa, Turmeric root extract, Maltodextrin, Vegetable Magnesium Stearate</p>",My Store,Health & Beauty > Health Care > Fitness & Nutrition > Vitamins & Supplements > Herbal Supplements,"","",false,Title,Default Title,,,,,,,,CV,0.0,shopify,5,deny,manual,199.00,,true,true,,,,,"",https://cdn.shopify.com/s/files/1/0957/1660/6281/files/CurcuVitalUltraBox.webp?v=1752568261,1,"",false,,,adults,curcumin,,lb,,,draft
curcuvital-ultra-high-strength-curcumin-for-inflammation-joint-comfort-and-cognitive-health,,,,,,,,,,,,,,,,,,,,,,,,,,,,,,,,https://cdn.shopify.com/s/files/1/0957/1660/6281/files/CurcuVitalUltraBottle.webp?v=1752568261,2,"",,,,,,,,,,
curcuvital-ultra-high-strength-curcumin-for-inflammation-joint-comfort-and-cognitive-health,,,,,,,,,,,,,,,,,,,,,,,,,,,,,,,,https://cdn.shopify.com/s/files/1/0957/1660/6281/files/CurcuVitalUltraBoxMouckup.webp?v=1752568261,3,"",,,,,,,,,,
biome-guard-advanced-multi-strain-probiotic-for-gut-immunity-skin-health,"Biome Guard+ – Advanced Multi-Strain Probiotic for Gut, Immunity & Skin Health","<p class=""MsoNormal"" style=""text-align: justify; line-height: 150%; margin: 12.0pt 0in 12.0pt 0in;""><span lang=""EN"">Biome Guard+ is a broad-spectrum probiotic formulated to support digestive balance, immune defence, and the gut-brain connection. Featuring clinically studied strains of beneficial bacteria, this daily supplement helps restore a healthy gut environment, regulate digestion, and contribute to clearer skin and mental wellbeing.</span></p>
<h2 style=""text-align: justify; line-height: 150%; mso-pagination: widow-orphan; page-break-after: auto; margin: 12.0pt 0in 2.0pt 0in;"">
<a name=""_2ks1b6avn9tx""></a><span lang=""EN"">Key Features</span>
</h2>
<ul>
<li style=""text-align: justify; line-height: 150%; break-after: auto;"">Multi-strain probiotic with gut-friendly live bacteria</li>
<li style=""text-align: justify; line-height: 150%; break-after: auto;"">Supports healthy digestion and bowel regularity</li>
<li style=""text-align: justify; line-height: 150%; break-after: auto;"">Promotes gut-brain axis and psychological balance</li>
<li style=""text-align: justify; line-height: 150%; break-after: auto;"">Contributes to immune response and skin health</li>
<li style=""text-align: justify; line-height: 150%; break-after: auto;"">Free from artificial fillers, dairy, and gluten</li>
<li style=""text-align: justify; line-height: 150%; break-after: auto;"">Stable at room temperature no refrigeration required<span style=""text-indent: -0.25in; font-size: 0.875rem;"" lang=""EN""></span>
</li>
</ul>",My Store,Health & Beauty > Health Care > Fitness & Nutrition > Vitamins & Supplements > Digestive Supplements,"","",false,Title,Default Title,,,,,,,,BG,0.0,shopify,50,deny,manual,99.00,,true,true,,,,,"",https://cdn.shopify.com/s/files/1/0957/1660/6281/files/BiomeGuard_Box.webp?v=1752567045,1,"",false,,,,,,lb,,,draft
biome-guard-advanced-multi-strain-probiotic-for-gut-immunity-skin-health,,,,,,,,,,,,,,,,,,,,,,,,,,,,,,,,https://cdn.shopify.com/s/files/1/0957/1660/6281/files/BiomeGuard_Bottle.webp?v=1752567045,2,"",,,,,,,,,,
biome-guard-advanced-multi-strain-probiotic-for-gut-immunity-skin-health,,,,,,,,,,,,,,,,,,,,,,,,,,,,,,,,https://cdn.shopify.com/s/files/1/0957/1660/6281/files/BiomeGuard_BoxMouckup.webp?v=1752567045,3,"",,,,,,,,,,
liposomal-omega-3,Liposomal Omega 3,"<p><span class=""fontstyle0"">Our Liposomal Omega-3 provides a high-purity fish oil rich in Docosahexaenoic Acid (DHA) and Eicosapentaenoic Acid (EPA), encapsulated in non-GMO sunflower phospholipids. Our Liposomal Delivery Technology provides a capsule-friendly, modern, membrane-like phospholipid format for premium omega-3 supplementation.</span></p>
<p><span class=""fontstyle0"">Omega-3 fatty acids, such as EPA and DHA, are long-chain polyunsaturated fatty acids that the body cannot make in sufficient amounts and must obtain from the diet. The primary dietary sources of these omega-3s are marine foods such as fatty fish and marine algae, while plant foods provide the shorter-chain omega-3 alpha-linolenic acid (ALA). EPA and DHA are incorporated into cell membrane phospholipids in tissues such as the heart, liver, immune cells, and nervous system. Within membranes, they are built into major phospholipids such as phosphatidylcholine and phosphatidylethanolamine, influencing how membrane lipids are organised and how embedded proteins are arranged. EPA and DHA also serve as precursors for families of locally acting lipid mediators, produced by enzymes such as cyclooxygenases, lipoxygenases, and cytochrome P450S.</span> <br></p>",My Store,Health & Beauty > Health Care > Fitness & Nutrition > Vitamins & Supplements > Amino Acids,"","",true,Title,Default Title,,,,,,,,OP,0.0,shopify,5,deny,manual,110.00,,true,true,,,,,"",https://cdn.shopify.com/s/files/1/0957/1660/6281/files/LIPOSOMAL_OMEGA_3_aef998cf-ab0a-4252-811a-dc4a4b57d197.webp?v=1767808261,1,"",false,,,,,,lb,,,active
liposomal-omega-3,,,,,,,,,,,,,,,,,,,,,,,,,,,,,,,,https://cdn.shopify.com/s/files/1/0957/1660/6281/files/Liposomal_Omega_3_Mockup_15d0fa0c-ea25-45c8-869f-c0ee71bfe8ec.webp?v=1767808308,2,"",,,,,,,,,,
liposomal-glutathione,Liposomal Glutathione,"<p><span class=""fontstyle0"">Our Liposomal Glutathione formula delivers clinically studied* Setria® Reduced L-Glutathione, encapsulated in non-GMO sunflower phospholipids. Our Liposomal Delivery Technology provides a capsule-friendly, modern, membrane-like phospholipid format for premium glutathione supplementation.</span></p>
<p><span class=""fontstyle0"">Glutathione is a small molecule that cells build from three amino acids and keep at relatively high levels inside many tissues. Inside cells, it cycles between reduced and oxidised forms, using a reactive sulfur atom to engage in reversible redox reactions and temporary links with proteins. Families of glutathione-dependent enzymes use this tripeptide in red blood cells, liver, lungs, gut, brain and immune cells to carry out local redox and conjugation chemistry. These tissue-specific glutathione systems operate alongside other redox-active molecules such as vitamin C in fluids and vitamin E in membranes.</span></p>
<p><span class=""fontstyle0"">*Clinically studied Setria® reduced glutathione was the subject of a six-month randomised, double-blind, placebo-controlled trial in healthy adults (Richie et al., 2015, European Journal of Nutrition), in which daily supplementation was associated with measurable dose and time-dependent changes in glutathione-related blood markers and was well tolerated.</span></p>",My Store,Health & Beauty > Health Care > Fitness & Nutrition > Vitamins & Supplements > Single Vitamins,"","",true,Title,Default Title,,,,,,,,LG,0.0,shopify,5,deny,manual,150.00,,true,true,,,,,,https://cdn.shopify.com/s/files/1/0957/1660/6281/files/LIPOSOMAL_GLUTATHIONE_a0212725-9c32-4ced-b066-b8c505e76431.webp?v=1767808260,1,"",false,,,,,,lb,,,active
liposomal-glutathione,,,,,,,,,,,,,,,,,,,,,,,,,,,,,,,,https://cdn.shopify.com/s/files/1/0957/1660/6281/files/Liposomal_Glutathione_Mockup_5d70bc34-9d84-4ab0-8103-10ed3185567a.webp?v=1767808309,2,"",,,,,,,,,,
liposomal-curcumin,Liposomal Curcumin,"<p>Curcumin is a bright yellow polyphenolic compound from turmeric (Curcuma longa), the spice that gives many Indian curries, dals and rice dishes their characteristic golden colour. Each serving of our Liposomal Curcumin provides 100 mg of Curcumin C3 Complex, a turmeric extract of polyphenols, standardised to 95% curcuminoids (curcumin, demethoxycurcumin and bisdemethoxycurcumin) and encapsulated in sunflower-derived phospholipids to present this lipophilic plant constituent in our Liposomal Delivery Technology.</p>",My Store,Health & Beauty > Health Care > Fitness & Nutrition > Vitamins & Supplements > Single Vitamins,"","",true,Title,Default Title,,,,,,,,LC,0.0,shopify,5,deny,manual,110.00,,true,true,,,,,,https://cdn.shopify.com/s/files/1/0957/1660/6281/files/Liposomal_Curcumin_a4008d4e-2769-4c2c-b3b2-65a4947c4419.webp?v=1767808259,1,"",false,,,,,,lb,,,active
liposomal-curcumin,,,,,,,,,,,,,,,,,,,,,,,,,,,,,,,,https://cdn.shopify.com/s/files/1/0957/1660/6281/files/Liposomal_Curcumin_Mockup_b5bb7ae8-72ed-468e-ac7a-e8c77f608239.webp?v=1767808308,2,"",,,,,,,,,,
liposomal-iron,Liposomal Iron,"<p><span class=""fontstyle0"">Our Liposomal Iron delivers Ferrous Fumarate in non-GMO phospholipid encapsulation, providing this Liposomal Delivery Technology in a capsule-friendly format. Iron is an essential mineral, meaning it must be obtained through the diet. Within cells, iron is incorporated into haem and iron– sulfur (Fe–S) clusters that are assembled predominantly in mitochondria. These cofactors are integral to numerous enzymes, including components of the respiratory chain, dehydrogenases, and enzymes involved in DNA synthesis and repair, and they are found in many tissues, such as liver, muscle, brain, and bone marrow.</span> <br></p>",My Store,Health & Beauty > Health Care > Fitness & Nutrition > Vitamins & Supplements > Single Vitamins,"","",true,Title,Default Title,,,,,,,,LHIV,0.0,shopify,5,deny,manual,110.00,,true,true,,,,,,https://cdn.shopify.com/s/files/1/0957/1660/6281/files/LIPOSOMAL_IRON_fa809bab-e123-49b5-9b12-06017277498e.webp?v=1767808255,1,"",false, LIPOSOMAL IRON,,,,,lb,,,active
liposomal-iron,,,,,,,,,,,,,,,,,,,,,,,,,,,,,,,,https://cdn.shopify.com/s/files/1/0957/1660/6281/files/Liposomal_Iron_Mockup_143fc112-b029-49ed-9a0e-c14873222c68.webp?v=1767808308,2,"",,,,,,,,,,
liposomal-magnesium-glycinate-b6,Liposomal Magnesium Glycinate B6,"<p><span class=""fontstyle0"">Our Liposomal Magnesium Glycinate delivers magnesium bound to the amino acid glycine, combined with Vitamin B6 (Pyridoxal-5-Phosphate). In our Liposomal Delivery Technology, magnesium bisglycinate and pyridoxal-5-phosphate are encapsulated within microscopic spheres composed of non-GMO sunflower phospholipid bilayers, the same structural motif that forms phospholipid cell membranes.</span> <br></p>",My Store,Health & Beauty > Health Care > Fitness & Nutrition > Vitamins & Supplements > Single Vitamins,"","",true,Title,Default Title,,,,,,,,LMG,0.0,shopify,3,deny,manual,110.00,,true,true,,,,,,https://cdn.shopify.com/s/files/1/0957/1660/6281/files/Liposomal_Magnesium_Glycinate_B6_Mockup_93c5b6af-f655-43fb-8e47-e8d16440d77f.webp?v=1767808261,1,"",false,,,,,,lb,,,active
liposomal-magnesium-glycinate-b6,,,,,,,,,,,,,,,,,,,,,,,,,,,,,,,,https://cdn.shopify.com/s/files/1/0957/1660/6281/files/Liposomal_Magnesium_Glycinate_B6_f72bc52e-a5fe-4e45-9df9-272e0b3d26ba.webp?v=1767808309,2,"",,,,,,,,,,
liposomal-methylated-vitamin-b-complex-90caps,Liposomal Methylated Vitamin B Complex (90caps),"<ul>
<li>Vitamin B1 (Benfotiamine)   50 mg</li>
<li>Vitamin B2 (R5P)   25 mg</li>
<li>Vitamin B3 (Niacinamide)  50 mg</li>
<li>Vitamin B5 (Pantethine)      50 mg</li>
<li>Vitamin B6 (P5P)  25 mg</li>
<li>Vitamin B7 (Biotin)   300 mcg</li>
<li>Vitamin B9 (L-Methylfolate)  400 mcg</li>
<li>Vitamin B12 (Methylcobalamin)  500 mcg</li>
<li>L-Theanine  50mg</li>
</ul>",My Store,Health & Beauty > Health Care > Fitness & Nutrition > Vitamins & Supplements > Single Vitamins,"","",false,Title,Default Title,,,,,,,,LMV,0.0,shopify,50,deny,manual,79.00,,true,true,,,,,,https://cdn.shopify.com/s/files/1/0957/1660/6281/files/LiposomalMethylatedVitaminBComplex_90caps_BoxMocku.webp?v=1752501087,1,"",false,,,,,,lb,,,draft
liposomal-methylated-vitamin-b-complex-90caps,,,,,,,,,,,,,,,,,,,,,,,,,,,,,,,,https://cdn.shopify.com/s/files/1/0957/1660/6281/files/LiposomalMethylatedVitaminBComplex_90caps_Bottle.webp?v=1752501087,2,"",,,,,,,,,,
liposomal-methylated-vitamin-b-complex-90caps,,,,,,,,,,,,,,,,,,,,,,,,,,,,,,,,https://cdn.shopify.com/s/files/1/0957/1660/6281/files/LiposomalMethylatedVitaminBComplex_90caps_Boxmockup.webp?v=1752501043,3,"",,,,,,,,,,
liposomal-d3-k2-liquid,Liposomal  D3 & K2 LIQUID,"<p>Our Liposomal Vitamin D3 + K2 Liquid provides both of these two fat-soluble vitamins, which are often formulated together for convenience. Beyond convenience, mechanistically, vitamin D induces several vitamin-K-dependent proteins (such as osteocalcin and matrix Gla protein), and vitamin K is then required to carboxylate/activate those proteins, so researchers discuss in various published reviews a coordinated role of D and K in bone and vascular calcium handling.</p>",My Store,Health & Beauty > Health Care > Fitness & Nutrition > Vitamins & Supplements > Single Vitamins,"","",true,Title,Default Title,,,,,,,,LVK,0.0,shopify,5,deny,manual,110.00,,true,true,,,,,"",https://cdn.shopify.com/s/files/1/0957/1660/6281/files/Liposomal_D3_K2_LIQUID_3f63bd4d-fbe8-4703-b67b-34a4046cb0a8.webp?v=1767808286,1,"",false,,,,,,lb,,,active
liposomal-d3-k2-liquid,,,,,,,,,,,,,,,,,,,,,,,,,,,,,,,,https://cdn.shopify.com/s/files/1/0957/1660/6281/files/Liposomal_D3_K2_LIQUID_Mockup_782f9218-dc8c-452a-9f92-e19d26b5d504.webp?v=1767808306,2,"",,,,,,,,,,
